Workbook

Sheet compiled_performance_stats
A1: Test and profile | B1: Percentage in range (3.9-10.0 mmol/L) | C1: LBGI risk index | D1: HBGI risk index | E1: Total risk index
A2: 1control_adult#001 | B2: 23.492723 | C2: 0 | D2: 25.804102 | E2: 25.804102
A3: 1control_adult#002 | B3: 17.879418 | C3: 0 | D3: 26.934277 | E3: 26.934277
A4: 1control_adult#003 | B4: 11.018711 | C4: 0 | D4: 77.096803 | E4: 77.096803
A5: 1control_adult#004 | B5: 9.5634096 | C5: 0 | D5: 112.84537 | E5: 112.84537
A6: 1control_adult#005 | B6: 21.829522 | C6: 0 | D6: 14.95577 | E6: 14.95577
A7: 2static_basal_adult#001 | B7: 9.1476091 | C7: 134.70323 | D7: 0.32980653 | E7: 135.03303
A8: 2static_basal_adult#002 | B8: 8.9397089 | C8: 117.52856 | D8: 0.17997724 | E8: 117.70853
A9: 2static_basal_adult#003 | B9: 6.029106 | C9: 128.0195 | D9: 0.60872934 | E9: 128.62823
A10: 2static_basal_adult#004 | B10: 11.850312 | C10: 76.471393 | D10: 0.16417814 | E10: 76.635572
A11: 2static_basal_adult#005 | B11: 8.9397089 | C11: 93.053785 | D11: 0.508529 | E11: 93.562314
A12: 3dynamic_basal_adult#001 | B12: 100 | C12: 1.0995764 | D12: 0.34027039 | E12: 1.4398468
A13: 3dynamic_basal_adult#002 | B13: 100 | C13: 0.13022081 | D13: 0.608752 | E13: 0.73897282
... A36: 7lossy_connection_adult#005 | B36: 21.829522 | C36: 0 | D36: 14.95577 | E36: 14.95577

Sheet processed
A1: Tests | B1: Average TIR percentage (%) | C1: Average LBGI risk index | D1: Average HBGI risk index | E1: Average total risk index
A2: 1control | B2: =AVERAGE(compiled_performance_stats!B2:B6) -> 16.756757 | C2: =AVERAGE(compiled_performance_stats!C2:C6) -> 0 | D2: =AVERAGE(compiled_performance_stats!D2:D6) -> 51.527265 | E2: =AVERAGE(compiled_performance_stats!E2:E6) -> 51.527265
A3: 2static_basal | B3: =AVERAGE(compiled_performance_stats!B7:B11) -> 8.981289 | C3: =AVERAGE(compiled_performance_stats!C7:C11) -> 109.95529 | D3: =AVERAGE(compiled_performance_stats!D7:D11) -> 0.35824405 | E3: =AVERAGE(compiled_performance_stats!E7:E11) -> 110.31354
A4: 3dynamic_basal | B4: =AVERAGE(compiled_performance_stats!B12:B16) -> 91.060291 | C4: =AVERAGE(compiled_performance_stats!C12:C16) -> 2.0963177 | D4: =AVERAGE(compiled_performance_stats!D12:D16) -> 0.68940015 | E4: =AVERAGE(compiled_performance_stats!E12:E16) -> 2.7857178
A5: 4dynamic_plus_exercise | B5: =AVERAGE(compiled_performance_stats!B17:B21) -> 81.704782 | C5: =AVERAGE(compiled_performance_stats!C17:C21) -> 0.0041877788 | D5: =AVERAGE(compiled_performance_stats!D17:D21) -> 4.8578922 | E5: =AVERAGE(compiled_performance_stats!E17:E21) -> 4.8620799
A6: 5dynamic_basal_plus_meals | B6: =AVERAGE(compiled_performance_stats!B22:B26) -> 89.022869 | C6: =AVERAGE(compiled_performance_stats!C22:C26) -> 4.4693594 | D6: =AVERAGE(compiled_performance_stats!D22:D26) -> 1.3346367 | E6: =AVERAGE(compiled_performance_stats!E22:E26) -> 5.8039961
A7: 6dynamic_basal_plus_meals_exercise | B7: =AVERAGE(compiled_performance_stats!B27:B31) -> 78.419958 | C7: =AVERAGE(compiled_performance_stats!C27:C31) -> 0.0080364106 | D7: =AVERAGE(compiled_performance_stats!D27:D31) -> 5.341866 | E7: =AVERAGE(compiled_performance_stats!E27:E31) -> 5.3499024
A8: 7lossy_connection | B8: =AVERAGE(compiled_performance_stats!B32:B36) -> 16.756757 | C8: =AVERAGE(compiled_performance_stats!C32:C36) -> 0 | D8: =AVERAGE(compiled_performance_stats!D32:D36) -> 51.527265 | E8: =AVERAGE(compiled_performance_stats!E32:E36) -> 51.527265
